,SBIN,TATAMOTORS,BPCL,ADANIPORTS,HDFCBANK
2022-04-30,503.72299,442.18236,365.54128,869.85039,1390.70307
2022-05-01,503.856,442.13472,365.44257,870.13089,1390.87621
2022-05-02,503.98902,442.08708,365.34387,870.41151,1391.04942
2022-05-03,504.12206,442.03945,365.24518,870.69226,1391.2227
2022-05-04,504.25512,441.99182,365.14649,870.97312,1391.39605
2022-05-05,504.38819,441.94419,365.04782,871.2541,1391.56947
2022-05-06,504.52128,441.89656,364.94916,871.53519,1391.74297
2022-05-07,504.65439,441.84894,364.85051,871.81641,1391.91653
2022-05-08,504.78751,441.80132,364.75186,872.09774,1392.09017
2022-05-09,504.92065,441.7537,364.65323,872.37919,1392.26388
2022-05-10,505.05381,441.70608,364.5546,872.66076,1392.43765
2022-05-11,505.18698,441.65847,364.45599,872.94244,1392.6115
2022-05-12,505.32017,441.61086,364.35739,873.22424,1392.78542
2022-05-13,505.45338,441.56325,364.25879,873.50616,1392.95941
2022-05-14,505.5866,441.51565,364.1602,873.7882,1393.13347
2022-05-15,505.71984,441.46804,364.06163,874.07035,1393.30761
2022-05-16,505.8531,441.42044,363.96306,874.35262,1393.48181
2022-05-17,505.98637,441.37284,363.86451,874.63501,1393.65608
2022-05-18,506.11966,441.32525,363.76596,874.91751,1393.83043
2022-05-19,506.25297,441.27766,363.66742,875.20013,1394.00484
2022-05-20,506.38629,441.23007,363.56889,875.48287,1394.17933
2022-05-21,506.51963,441.18248,363.47038,875.76572,1394.35388
2022-05-22,506.65299,441.13489,363.37187,876.04868,1394.52851
2022-05-23,506.78636,441.08731,363.27337,876.33177,1394.70321
2022-05-24,506.91975,441.03973,363.17488,876.61497,1394.87798
2022-05-25,507.05315,440.99215,363.0764,876.89828,1395.05282
2022-05-26,507.18657,440.94458,362.97793,877.18171,1395.22773
2022-05-27,507.32001,440.89701,362.87947,877.46525,1395.4027
2022-05-28,507.45347,440.84944,362.78102,877.74891,1395.57776
2022-05-29,507.58694,440.80187,362.68258,878.03269,1395.75288
2022-05-30,507.72042,440.7543,362.58414,878.31658,1395.92807
2022-05-31,507.85393,440.70674,362.48572,878.60058,1396.10333
2022-06-01,507.98745,440.65918,362.38731,878.8847,1396.27866
2022-06-02,508.12099,440.61163,362.28891,879.16893,1396.45406
2022-06-03,508.25454,440.56407,362.19051,879.45328,1396.62954
2022-06-04,508.38811,440.51652,362.09213,879.73774,1396.80508
2022-06-05,508.5217,440.46897,361.99376,880.02231,1396.98069
2022-06-06,508.6553,440.42142,361.89539,880.307,1397.15637
2022-06-07,508.78892,440.37388,361.79704,880.5918,1397.33213
2022-06-08,508.92255,440.32634,361.69869,880.87672,1397.50795
2022-06-09,509.05621,440.2788,361.60036,881.16175,1397.68385
2022-06-10,509.18987,440.23126,361.50203,881.44689,1397.85981
2022-06-11,509.32356,440.18373,361.40371,881.73215,1398.03584
2022-06-12,509.45726,440.1362,361.30541,882.01752,1398.21195
2022-06-13,509.59098,440.08867,361.20711,882.303,1398.38812
2022-06-14,509.72471,440.04114,361.10882,882.58859,1398.56437
2022-06-15,509.85846,439.99362,361.01054,882.8743,1398.74068
2022-06-16,509.99223,439.9461,360.91228,883.16012,1398.91707
2022-06-17,510.12601,439.89858,360.81402,883.44605,1399.09352
2022-06-18,510.25981,439.85107,360.71577,883.73209,1399.27005
2022-06-19,510.39363,439.80355,360.61753,884.01825,1399.44664
2022-06-20,510.52746,439.75604,360.5193,884.30452,1399.62331
2022-06-21,510.66131,439.70853,360.42108,884.5909,1399.80004
2022-06-22,510.79517,439.66103,360.32287,884.87739,1399.97684
2022-06-23,510.92906,439.61352,360.22466,885.16399,1400.15372
2022-06-24,511.06295,439.56602,360.12647,885.4507,1400.33066
2022-06-25,511.19687,439.51853,360.02829,885.73753,1400.50768
2022-06-26,511.3308,439.47103,359.93012,886.02447,1400.68476
2022-06-27,511.46475,439.42354,359.83195,886.31151,1400.86191
2022-06-28,511.59871,439.37605,359.7338,886.59867,1401.03914
2022-06-29,511.73269,439.32856,359.63566,886.88594,1401.21643
2022-06-30,511.86668,439.28108,359.53752,887.17332,1401.39379
2022-07-01,512.00069,439.23359,359.4394,887.46081,1401.57122
2022-07-02,512.13472,439.18611,359.34128,887.74841,1401.74873
2022-07-03,512.26877,439.13864,359.24318,888.03612,1401.9263
2022-07-04,512.40283,439.09116,359.14508,888.32394,1402.10394
2022-07-05,512.53691,439.04369,359.04699,888.61187,1402.28165
2022-07-06,512.671,438.99622,358.94892,888.89991,1402.45943
2022-07-07,512.80511,438.94875,358.85085,889.18806,1402.63728
2022-07-08,512.93923,438.90129,358.75279,889.47632,1402.8152
2022-07-09,513.07338,438.85382,358.65474,889.76469,1402.99319
2022-07-10,513.20753,438.80637,358.5567,890.05317,1403.17124
2022-07-11,513.34171,438.75891,358.45867,890.34176,1403.34937
2022-07-12,513.4759,438.71145,358.36065,890.63045,1403.52757
2022-07-13,513.61011,438.664,358.26264,890.91926,1403.70583
2022-07-14,513.74433,438.61655,358.16464,891.20817,1403.88417
2022-07-15,513.87857,438.56911,358.06665,891.4972,1404.06257
2022-07-16,514.01283,438.52166,357.96867,891.78633,1404.24105
2022-07-17,514.1471,438.47422,357.8707,892.07557,1404.41959
2022-07-18,514.28139,438.42678,357.77274,892.36492,1404.5982
2022-07-19,514.41569,438.37935,357.67478,892.65437,1404.77689
2022-07-20,514.55001,438.33191,357.57684,892.94394,1404.95564
2022-07-21,514.68435,438.28448,357.47891,893.23361,1405.13446
2022-07-22,514.8187,438.23705,357.38098,893.52339,1405.31335
2022-07-23,514.95307,438.18962,357.28307,893.81328,1405.4923
2022-07-24,515.08745,438.1422,357.18516,894.10327,1405.67133
2022-07-25,515.22185,438.09478,357.08727,894.39337,1405.85043
2022-07-26,515.35627,438.04736,356.98938,894.68358,1406.02959
2022-07-27,515.49071,437.99995,356.8915,894.9739,1406.20883
2022-07-28,515.62516,437.95253,356.79364,895.26432,1406.38813
2022-07-29,515.75962,437.90512,356.69578,895.55485,1406.56751
2022-07-30,515.8941,437.85771,356.59793,895.84549,1406.74695
2022-07-31,516.0286,437.81031,356.50009,896.13624,1406.92646
2022-08-01,516.16312,437.7629,356.40226,896.42709,1407.10604
2022-08-02,516.29765,437.7155,356.30444,896.71804,1407.28569
2022-08-03,516.43219,437.66811,356.20663,897.00911,1407.4654
2022-08-04,516.56675,437.62071,356.10883,897.30027,1407.64519
2022-08-05,516.70133,437.57332,356.01104,897.59155,1407.82505
2022-08-06,516.83593,437.52593,355.91326,897.88293,1408.00497
2022-08-07,516.97054,437.47854,355.81549,898.17442,1408.18496
2022-08-08,517.10517,437.43115,355.71773,898.46601,1408.36502
2022-08-09,517.23981,437.38377,355.61997,898.7577,1408.54515
2022-08-10,517.37447,437.33639,355.52223,899.04951,1408.72535
2022-08-11,517.50914,437.28901,355.42449,899.34142,1408.90562
2022-08-12,517.64383,437.24164,355.32677,899.63343,1409.08596
2022-08-13,517.77854,437.19426,355.22906,899.92555,1409.26636
2022-08-14,517.91326,437.14689,355.13135,900.21777,1409.44683
2022-08-15,518.048,437.09953,355.03365,900.5101,1409.62738
2022-08-16,518.18276,437.05216,354.93597,900.80253,1409.80799
2022-08-17,518.31753,437.0048,354.83829,901.09507,1409.98867
2022-08-18,518.45232,436.95744,354.74062,901.38771,1410.16941
2022-08-19,518.58712,436.91008,354.64297,901.68045,1410.35023
2022-08-20,518.72194,436.86273,354.54532,901.9733,1410.53111
2022-08-21,518.85678,436.81538,354.44768,902.26625,1410.71207
2022-08-22,518.99163,436.76803,354.35005,902.55931,1410.89309
2022-08-23,519.12649,436.72068,354.25243,902.85247,1411.07418
2022-08-24,519.26138,436.67333,354.15482,903.14573,1411.25534
2022-08-25,519.39628,436.62599,354.05722,903.4391,1411.43656
2022-08-26,519.53119,436.57865,353.95963,903.73257,1411.61786
2022-08-27,519.66612,436.53132,353.86204,904.02615,1411.79922
2022-08-28,519.80107,436.48398,353.76447,904.31982,1411.98065
2022-08-29,519.93603,436.43665,353.66691,904.61361,1412.16215
2022-08-30,520.07101,436.38932,353.56935,904.90749,1412.34372
2022-08-31,520.20601,436.34199,353.47181,905.20147,1412.52536
2022-09-01,520.34102,436.29467,353.37427,905.49556,1412.70706
2022-09-02,520.47605,436.24735,353.27675,905.78975,1412.88884
2022-09-03,520.61109,436.20003,353.17923,906.08405,1413.07068
2022-09-04,520.74615,436.15271,353.08173,906.37844,1413.25259
2022-09-05,520.88122,436.1054,352.98423,906.67294,1413.43456
2022-09-06,521.01631,436.05809,352.88674,906.96754,1413.61661
2022-09-07,521.15142,436.01078,352.78927,907.26224,1413.79872
2022-09-08,521.28654,435.96347,352.6918,907.55704,1413.9809
2022-09-09,521.42168,435.91617,352.59434,907.85195,1414.16315
2022-09-10,521.55683,435.86887,352.49689,908.14696,1414.34547
2022-09-11,521.692,435.82157,352.39945,908.44206,1414.52785
2022-09-12,521.82719,435.77427,352.30202,908.73727,1414.71031
2022-09-13,521.96239,435.72698,352.2046,909.03258,1414.89283
2022-09-14,522.09761,435.67969,352.10719,909.32799,1415.07542
2022-09-15,522.23284,435.6324,352.00978,909.62351,1415.25807
2022-09-16,522.36809,435.58511,351.91239,909.91912,1415.4408
2022-09-17,522.50336,435.53783,351.81501,910.21483,1415.62359
2022-09-18,522.63864,435.49055,351.71763,910.51065,1415.80645
2022-09-19,522.77394,435.44327,351.62027,910.80656,1415.98938
2022-09-20,522.90925,435.396,351.52291,911.10258,1416.17237
2022-09-21,523.04458,435.34872,351.42557,911.39869,1416.35544
2022-09-22,523.17992,435.30145,351.32823,911.69491,1416.53857
2022-09-23,523.31528,435.25418,351.23091,911.99122,1416.72177
2022-09-24,523.45066,435.20692,351.13359,912.28764,1416.90503
2022-09-25,523.58605,435.15966,351.03628,912.58415,1417.08837
2022-09-26,523.72146,435.1124,350.93898,912.88076,1417.27177
2022-09-27,523.85688,435.06514,350.84169,913.17748,1417.45524
2022-09-28,523.99232,435.01788,350.74442,913.47429,1417.63878
2022-09-29,524.12778,434.97063,350.64715,913.7712,1417.82238
2022-09-30,524.26325,434.92338,350.54988,914.06821,1418.00605
2022-10-01,524.39873,434.87613,350.45263,914.36532,1418.18979
2022-10-02,524.53423,434.82889,350.35539,914.66253,1418.3736
2022-10-03,524.66975,434.78164,350.25816,914.95984,1418.55747
2022-10-04,524.80529,434.7344,350.16094,915.25725,1418.74141
2022-10-05,524.94084,434.68717,350.06372,915.55475,1418.92542
2022-10-06,525.0764,434.63993,349.96652,915.85236,1419.1095
2022-10-07,525.21198,434.5927,349.86933,916.15006,1419.29364
2022-10-08,525.34758,434.54547,349.77214,916.44786,1419.47785
2022-10-09,525.48319,434.49824,349.67496,916.74576,1419.66213
2022-10-10,525.61882,434.45102,349.5778,917.04375,1419.84648
2022-10-11,525.75446,434.40379,349.48064,917.34185,1420.03089
2022-10-12,525.89012,434.35657,349.38349,917.64004,1420.21537
2022-10-13,526.0258,434.30936,349.28636,917.93833,1420.39992
2022-10-14,526.16149,434.26214,349.18923,918.23671,1420.58453
2022-10-15,526.2972,434.21493,349.09211,918.5352,1420.76922
2022-10-16,526.43292,434.16772,348.995,918.83378,1420.95397
2022-10-17,526.56866,434.12051,348.8979,919.13246,1421.13878
2022-10-18,526.70441,434.07331,348.80081,919.43123,1421.32366
2022-10-19,526.84018,434.02611,348.70373,919.73011,1421.50861
2022-10-20,526.97597,433.97891,348.60665,920.02908,1421.69363
2022-10-21,527.11177,433.93171,348.50959,920.32814,1421.87872
2022-10-22,527.24758,433.88452,348.41254,920.6273,1422.06387
2022-10-23,527.38342,433.83732,348.31549,920.92656,1422.24909
2022-10-24,527.51926,433.79014,348.21846,921.22592,1422.43437
2022-10-25,527.65513,433.74295,348.12144,921.52537,1422.61972
2022-10-26,527.79101,433.69576,348.02442,921.82492,1422.80514
2022-10-27,527.9269,433.64858,347.92741,922.12456,1422.99063
2022-10-28,528.06281,433.6014,347.83042,922.4243,1423.17618
2022-10-29,528.19874,433.55423,347.73343,922.72413,1423.3618
2022-10-30,528.33468,433.50705,347.63645,923.02406,1423.54749
2022-10-31,528.47064,433.45988,347.53948,923.32409,1423.73324
2022-11-01,528.60661,433.41271,347.44252,923.62421,1423.91906
2022-11-02,528.7426,433.36555,347.34557,923.92443,1424.10495
2022-11-03,528.8786,433.31838,347.24863,924.22474,1424.2909
2022-11-04,529.01462,433.27122,347.1517,924.52515,1424.47692
2022-11-05,529.15066,433.22406,347.05478,924.82565,1424.66301
2022-11-06,529.28671,433.17691,346.95787,925.12625,1424.84916
2022-11-07,529.42277,433.12975,346.86096,925.42694,1425.03539
2022-11-08,529.55885,433.0826,346.76407,925.72773,1425.22167
2022-11-09,529.69495,433.03545,346.66719,926.02861,1425.40803
2022-11-10,529.83106,432.98831,346.57031,926.32958,1425.59445
2022-11-11,529.96719,432.94116,346.47345,926.63065,1425.78093
2022-11-12,530.10334,432.89402,346.37659,926.93181,1425.96749
2022-11-13,530.2395,432.84688,346.27974,927.23307,1426.15411
2022-11-14,530.37567,432.79975,346.18291,927.53442,1426.34079
2022-11-15,530.51186,432.75261,346.08608,927.83587,1426.52754
2022-11-16,530.64807,432.70548,345.98926,928.13741,1426.71436
2022-11-17,530.78429,432.65835,345.89245,928.43904,1426.90125
2022-11-18,530.92053,432.61123,345.79565,928.74077,1427.0882
2022-11-19,531.05678,432.56411,345.69886,929.04259,1427.27522
2022-11-20,531.19305,432.51698,345.60208,929.3445,1427.4623
2022-11-21,531.32933,432.46987,345.50531,929.64651,1427.64946
2022-11-22,531.46563,432.42275,345.40854,929.94861,1427.83667
2022-11-23,531.60194,432.37564,345.31179,930.2508,1428.02396
2022-11-24,531.73827,432.32853,345.21505,930.55308,1428.21131
2022-11-25,531.87462,432.28142,345.11831,930.85546,1428.39872
2022-11-26,532.01098,432.23431,345.02159,931.15793,1428.5862
2022-11-27,532.14736,432.18721,344.92487,931.46049,1428.77375
2022-11-28,532.28375,432.14011,344.82817,931.76315,1428.96137
2022-11-29,532.42015,432.09301,344.73147,932.0659,1429.14905
2022-11-30,532.55658,432.04592,344.63478,932.36874,1429.3368
2022-12-01,532.69302,431.99882,344.5381,932.67167,1429.52461
2022-12-02,532.82947,431.95173,344.44143,932.97469,1429.71249
2022-12-03,532.96594,431.90464,344.34478,933.27781,1429.90043
2022-12-04,533.10242,431.85756,344.24813,933.58101,1430.08844
2022-12-05,533.23892,431.81048,344.15148,933.88431,1430.27652
2022-12-06,533.37544,431.7634,344.05485,934.1877,1430.46466
2022-12-07,533.51197,431.71632,343.95823,934.49118,1430.65287
2022-12-08,533.64851,431.66924,343.86162,934.79476,1430.84115
2022-12-09,533.78507,431.62217,343.76501,935.09842,1431.02949
2022-12-10,533.92165,431.5751,343.66842,935.40218,1431.2179
2022-12-11,534.05824,431.52803,343.57184,935.70602,1431.40637
2022-12-12,534.19485,431.48097,343.47526,936.00996,1431.59491
2022-12-13,534.33147,431.43391,343.37869,936.31399,1431.78351
2022-12-14,534.46811,431.38685,343.28214,936.61811,1431.97218
2022-12-15,534.60477,431.33979,343.18559,936.92232,1432.16092
2022-12-16,534.74143,431.29273,343.08905,937.22661,1432.34972
2022-12-17,534.87812,431.24568,342.99252,937.531,1432.53859
2022-12-18,535.01482,431.19863,342.896,937.83548,1432.72752
2022-12-19,535.15153,431.15158,342.79949,938.14005,1432.91652
2022-12-20,535.28826,431.10454,342.70299,938.44471,1433.10558
2022-12-21,535.42501,431.0575,342.6065,938.74946,1433.29471
2022-12-22,535.56177,431.01046,342.51002,939.0543,1433.48391
2022-12-23,535.69855,430.96342,342.41355,939.35923,1433.67317
2022-12-24,535.83534,430.91638,342.31708,939.66425,1433.8625
2022-12-25,535.97214,430.86935,342.22063,939.96936,1434.05189
2022-12-26,536.10897,430.82232,342.12418,940.27456,1434.24135
2022-12-27,536.2458,430.77529,342.02775,940.57985,1434.43087
2022-12-28,536.38266,430.72827,341.93132,940.88522,1434.62046
2022-12-29,536.51952,430.68125,341.8349,941.19069,1434.81011
2022-12-30,536.65641,430.63423,341.7385,941.49624,1434.99983
2022-12-31,536.79331,430.58721,341.6421,941.80189,1435.18962
2023-01-01,536.93022,430.5402,341.54571,942.10762,1435.37947
2023-01-02,537.06715,430.49319,341.44933,942.41344,1435.56939
2023-01-03,537.20409,430.44618,341.35296,942.71935,1435.75937
2023-01-04,537.34105,430.39917,341.2566,943.02534,1435.94941
2023-01-05,537.47803,430.35216,341.16024,943.33143,1436.13953
2023-01-06,537.61502,430.30516,341.0639,943.6376,1436.3297
2023-01-07,537.75202,430.25816,340.96757,943.94387,1436.51995
2023-01-08,537.88904,430.21117,340.87124,944.25022,1436.71025
2023-01-09,538.02608,430.16417,340.77493,944.55665,1436.90063
2023-01-10,538.16313,430.11718,340.67862,944.86318,1437.09107
2023-01-11,538.3002,430.07019,340.58233,945.16979,1437.28157
2023-01-12,538.43728,430.0232,340.48604,945.47649,1437.47214
2023-01-13,538.57437,429.97622,340.38976,945.78328,1437.66277
2023-01-14,538.71149,429.92924,340.2935,946.09016,1437.85347
2023-01-15,538.84861,429.88226,340.19724,946.39712,1438.04423
2023-01-16,538.98576,429.83528,340.10099,946.70417,1438.23506
2023-01-17,539.12291,429.78831,340.00475,947.01131,1438.42596
2023-01-18,539.26008,429.74134,339.90852,947.31853,1438.61692
2023-01-19,539.39727,429.69437,339.81229,947.62584,1438.80794
2023-01-20,539.53448,429.6474,339.71608,947.93324,1438.99903
2023-01-21,539.67169,429.60044,339.61988,948.24072,1439.19018
2023-01-22,539.80893,429.55348,339.52368,948.54829,1439.3814
2023-01-23,539.94617,429.50652,339.4275,948.85595,1439.57269
2023-01-24,540.08344,429.45956,339.33132,949.1637,1439.76403
2023-01-25,540.22072,429.41261,339.23516,949.47152,1439.95545
2023-01-26,540.35801,429.36565,339.139,949.77944,1440.14693
2023-01-27,540.49532,429.31871,339.04285,950.08744,1440.33847
2023-01-28,540.63264,429.27176,338.94671,950.39553,1440.53008
2023-01-29,540.76998,429.22482,338.85059,950.7037,1440.72175
2023-01-30,540.90734,429.17787,338.75447,951.01196,1440.91349
2023-01-31,541.0447,429.13094,338.65835,951.32031,1441.10529
2023-02-01,541.18209,429.084,338.56225,951.62874,1441.29716
2023-02-02,541.31949,429.03706,338.46616,951.93725,1441.48909
2023-02-03,541.4569,428.99013,338.37008,952.24586,1441.68108
2023-02-04,541.59433,428.9432,338.27401,952.55454,1441.87315
2023-02-05,541.73178,428.89628,338.17794,952.86331,1442.06527
2023-02-06,541.86924,428.84936,338.08189,953.17217,1442.25746
2023-02-07,542.00671,428.80243,337.98584,953.48111,1442.44972
2023-02-08,542.1442,428.75552,337.8898,953.79014,1442.64203
2023-02-09,542.28171,428.7086,337.79378,954.09925,1442.83442
2023-02-10,542.41923,428.66169,337.69776,954.40844,1443.02687
2023-02-11,542.55676,428.61477,337.60175,954.71772,1443.21938
2023-02-12,542.69431,428.56787,337.50575,955.02709,1443.41196
2023-02-13,542.83188,428.52096,337.40976,955.33654,1443.6046
2023-02-14,542.96946,428.47406,337.31378,955.64607,1443.7973
2023-02-15,543.10705,428.42716,337.21781,955.95569,1443.99007
2023-02-16,543.24466,428.38026,337.12184,956.26539,1444.18291
2023-02-17,543.38229,428.33336,337.02589,956.57517,1444.37581
2023-02-18,543.51993,428.28647,336.92995,956.88504,1444.56877
2023-02-19,543.65758,428.23958,336.83401,957.19499,1444.7618
2023-02-20,543.79525,428.19269,336.73809,957.50503,1444.95489
2023-02-21,543.93294,428.1458,336.64217,957.81515,1445.14805
2023-02-22,544.07064,428.09892,336.54626,958.12535,1445.34127
2023-02-23,544.20835,428.05204,336.45037,958.43564,1445.53455
2023-02-24,544.34608,428.00516,336.35448,958.746,1445.7279
2023-02-25,544.48383,427.95828,336.2586,959.05646,1445.92132
2023-02-26,544.62159,427.91141,336.16273,959.36699,1446.11479
2023-02-27,544.75936,427.86454,336.06687,959.67761,1446.30833
2023-02-28,544.89715,427.81767,335.97101,959.98831,1446.50194
2023-03-01,545.03496,427.7708,335.87517,960.2991,1446.69561
2023-03-02,545.17278,427.72394,335.77934,960.60996,1446.88934
2023-03-03,545.31061,427.67708,335.68351,960.92091,1447.08314
2023-03-04,545.44846,427.63022,335.5877,961.23194,1447.277
2023-03-05,545.58632,427.58337,335.49189,961.54306,1447.47093
2023-03-06,545.7242,427.53651,335.3961,961.85425,1447.66492
2023-03-07,545.8621,427.48966,335.30031,962.16553,1447.85897
2023-03-08,546.00001,427.44281,335.20453,962.47689,1448.05309
2023-03-09,546.13793,427.39597,335.10876,962.78833,1448.24727
2023-03-10,546.27587,427.34913,335.013,963.09985,1448.44152
2023-03-11,546.41383,427.30228,334.91725,963.41146,1448.63583
2023-03-12,546.55179,427.25545,334.82151,963.72315,1448.8302
2023-03-13,546.68978,427.20861,334.72578,964.03491,1449.02464
2023-03-14,546.82778,427.16178,334.63006,964.34676,1449.21914
2023-03-15,546.96579,427.11495,334.53434,964.6587,1449.4137
2023-03-16,547.10382,427.06812,334.43864,964.97071,1449.60833
2023-03-17,547.24186,427.02129,334.34294,965.2828,1449.80302
2023-03-18,547.37992,426.97447,334.24726,965.59498,1449.99778
2023-03-19,547.51799,426.92765,334.15158,965.90723,1450.1926
2023-03-20,547.65608,426.88083,334.05591,966.21957,1450.38748
2023-03-21,547.79418,426.83402,333.96026,966.53198,1450.58243
2023-03-22,547.9323,426.7872,333.86461,966.84448,1450.77744
2023-03-23,548.07043,426.74039,333.76897,967.15706,1450.97251
2023-03-24,548.20858,426.69358,333.67334,967.46972,1451.16765
2023-03-25,548.34674,426.64678,333.57771,967.78246,1451.36285
2023-03-26,548.48492,426.59998,333.4821,968.09528,1451.55811
2023-03-27,548.62311,426.55318,333.3865,968.40818,1451.75344
2023-03-28,548.76132,426.50638,333.29091,968.72116,1451.94883
2023-03-29,548.89954,426.45958,333.19532,969.03422,1452.14429
2023-03-30,549.03777,426.41279,333.09974,969.34736,1452.33981
2023-03-31,549.17602,426.366,333.00418,969.66058,1452.53539
2023-04-01,549.31429,426.31921,332.90862,969.97388,1452.73103
2023-04-02,549.45257,426.27243,332.81307,970.28725,1452.92674
2023-04-03,549.59087,426.22564,332.71753,970.60071,1453.12251
2023-04-04,549.72918,426.17886,332.622,970.91425,1453.31835
2023-04-05,549.8675,426.13208,332.52648,971.22787,1453.51425
2023-04-06,550.00584,426.08531,332.43097,971.54156,1453.71021
2023-04-07,550.14419,426.03854,332.33547,971.85534,1453.90624
2023-04-08,550.28256,425.99177,332.23998,972.16919,1454.10232
2023-04-09,550.42095,425.945,332.14449,972.48313,1454.29848
2023-04-10,550.55934,425.89823,332.04902,972.79714,1454.49469
2023-04-11,550.69776,425.85147,331.95355,973.11123,1454.69097
2023-04-12,550.83618,425.80471,331.8581,973.4254,1454.88731
2023-04-13,550.97463,425.75795,331.76265,973.73965,1455.08372
2023-04-14,551.11308,425.7112,331.66721,974.05397,1455.28018
2023-04-15,551.25156,425.66444,331.57178,974.36838,1455.47671
2023-04-16,551.39004,425.61769,331.47636,974.68286,1455.67331
2023-04-17,551.52854,425.57095,331.38095,974.99742,1455.86996
2023-04-18,551.66706,425.5242,331.28555,975.31206,1456.06668
2023-04-19,551.80559,425.47746,331.19016,975.62678,1456.26347
2023-04-20,551.94414,425.43072,331.09478,975.94158,1456.46031
2023-04-21,552.0827,425.38398,330.9994,976.25645,1456.65722
2023-04-22,552.22127,425.33724,330.90404,976.5714,1456.85419
2023-04-23,552.35986,425.29051,330.80868,976.88643,1457.05123
2023-04-24,552.49847,425.24378,330.71334,977.20154,1457.24833
2023-04-25,552.63708,425.19705,330.618,977.51672,1457.44549
2023-04-26,552.77572,425.15033,330.52267,977.83198,1457.64271
2023-04-27,552.91437,425.10361,330.42735,978.14732,1457.84
2023-04-28,553.05303,425.05688,330.33204,978.46273,1458.03735
2023-04-29,553.19171,425.01017,330.23674,978.77823,1458.23476
2023-04-30,553.3304,424.96345,330.14145,979.0938,1458.43223
2023-05-01,553.4691,424.91674,330.04617,979.40944,1458.62977
2023-05-02,553.60783,424.87003,329.95089,979.72517,1458.82737
2023-05-03,553.74656,424.82332,329.85563,980.04097,1459.02503
2023-05-04,553.88531,424.77662,329.76037,980.35684,1459.22276
2023-05-05,554.02408,424.72991,329.66513,980.6728,1459.42055
2023-05-06,554.16286,424.68321,329.56989,980.98883,1459.6184
2023-05-07,554.30165,424.63652,329.47466,981.30493,1459.81631
2023-05-08,554.44046,424.58982,329.37945,981.62111,1460.01429
2023-05-09,554.57928,424.54313,329.28424,981.93737,1460.21233
2023-05-10,554.71812,424.49644,329.18904,982.25371,1460.41043
2023-05-11,554.85697,424.44975,329.09384,982.57012,1460.60859
2023-05-12,554.99584,424.40306,328.99866,982.8866,1460.80682
2023-05-13,555.13472,424.35638,328.90349,983.20317,1461.00511
2023-05-14,555.27362,424.3097,328.80833,983.5198,1461.20346
2023-05-15,555.41253,424.26302,328.71317,983.83652,1461.40187
2023-05-16,555.55145,424.21635,328.61803,984.15331,1461.60035
2023-05-17,555.69039,424.16968,328.52289,984.47017,1461.79889
2023-05-18,555.82935,424.12301,328.42776,984.78711,1461.99749
2023-05-19,555.96832,424.07634,328.33264,985.10413,1462.19615
2023-05-20,556.1073,424.02967,328.23754,985.42122,1462.39488
2023-05-21,556.2463,423.98301,328.14244,985.73838,1462.59367
2023-05-22,556.38531,423.93635,328.04734,986.05562,1462.79252
2023-05-23,556.52434,423.88969,327.95226,986.37294,1462.99143
2023-05-24,556.66338,423.84304,327.85719,986.69033,1463.1904
2023-05-25,556.80244,423.79638,327.76213,987.00779,1463.38944
2023-05-26,556.94151,423.74973,327.66707,987.32533,1463.58854
2023-05-27,557.08059,423.70309,327.57203,987.64295,1463.7877
2023-05-28,557.21969,423.65644,327.47699,987.96064,1463.98693
2023-05-29,557.35881,423.6098,327.38196,988.2784,1464.18621
2023-05-30,557.49793,423.56316,327.28695,988.59624,1464.38556
2023-05-31,557.63708,423.51652,327.19194,988.91415,1464.58497
2023-06-01,557.77623,423.46989,327.09694,989.23213,1464.78444
2023-06-02,557.91541,423.42325,327.00195,989.55019,1464.98398
2023-06-03,558.05459,423.37662,326.90697,989.86833,1465.18357
2023-06-04,558.19379,423.32999,326.81199,990.18653,1465.38323
2023-06-05,558.33301,423.28337,326.71703,990.50481,1465.58295
2023-06-06,558.47224,423.23675,326.62208,990.82317,1465.78274
2023-06-07,558.61148,423.19013,326.52713,991.1416,1465.98258
2023-06-08,558.75074,423.14351,326.43219,991.4601,1466.18249
2023-06-09,558.89001,423.09689,326.33727,991.77868,1466.38245
2023-06-10,559.0293,423.05028,326.24235,992.09732,1466.58249
2023-06-11,559.1686,423.00367,326.14744,992.41605,1466.78258
2023-06-12,559.30792,422.95706,326.05254,992.73484,1466.98273
2023-06-13,559.44725,422.91046,325.95765,993.05371,1467.18295
2023-06-14,559.58659,422.86385,325.86277,993.37265,1467.38322
2023-06-15,559.72595,422.81725,325.7679,993.69166,1467.58356
2023-06-16,559.86533,422.77066,325.67303,994.01075,1467.78397
2023-06-17,560.00472,422.72406,325.57818,994.32991,1467.98443
2023-06-18,560.14412,422.67747,325.48333,994.64914,1468.18495
2023-06-19,560.28354,422.63088,325.3885,994.96845,1468.38554
2023-06-20,560.42297,422.58429,325.29367,995.28782,1468.58619
2023-06-21,560.56241,422.53771,325.19885,995.60727,1468.7869
2023-06-22,560.70187,422.49112,325.10404,995.9268,1468.98767
2023-06-23,560.84135,422.44454,325.00924,996.24639,1469.1885
2023-06-24,560.98084,422.39796,324.91445,996.56606,1469.3894
2023-06-25,561.12034,422.35139,324.81967,996.88579,1469.59035
2023-06-26,561.25986,422.30482,324.7249,997.2056,1469.79137
2023-06-27,561.39939,422.25825,324.63013,997.52549,1469.99245
2023-06-28,561.53893,422.21168,324.53538,997.84544,1470.19359
2023-06-29,561.67849,422.16511,324.44063,998.16546,1470.39479
2023-06-30,561.81807,422.11855,324.3459,998.48556,1470.59606
2023-07-01,561.95766,422.07199,324.25117,998.80573,1470.79738
2023-07-02,562.09726,422.02543,324.15645,999.12597,1470.99877
2023-07-03,562.23688,421.97888,324.06174,999.44628,1471.20022
2023-07-04,562.37651,421.93232,323.96704,999.76666,1471.40173
2023-07-05,562.51616,421.88577,323.87235,1000.08712,1471.6033
2023-07-06,562.65582,421.83923,323.77767,1000.40764,1471.80493
2023-07-07,562.79549,421.79268,323.683,1000.72824,1472.00662
2023-07-08,562.93518,421.74614,323.58833,1001.0489,1472.20838
2023-07-09,563.07489,421.6996,323.49368,1001.36964,1472.41019
2023-07-10,563.2146,421.65306,323.39903,1001.69045,1472.61207
2023-07-11,563.35433,421.60652,323.30439,1002.01133,1472.81401
2023-07-12,563.49408,421.55999,323.20977,1002.33228,1473.01601
2023-07-13,563.63384,421.51346,323.11515,1002.6533,1473.21807
2023-07-14,563.77362,421.46693,323.02054,1002.97439,1473.42019
2023-07-15,563.9134,421.42041,322.92594,1003.29555,1473.62238
2023-07-16,564.05321,421.37388,322.83134,1003.61678,1473.82462
2023-07-17,564.19303,421.32736,322.73676,1003.93808,1474.02693
2023-07-18,564.33286,421.28085,322.64219,1004.25945,1474.22929
2023-07-19,564.4727,421.23433,322.54762,1004.58089,1474.43172
2023-07-20,564.61256,421.18782,322.45307,1004.90241,1474.63421
2023-07-21,564.75244,421.14131,322.35852,1005.22399,1474.83676
2023-07-22,564.89233,421.0948,322.26398,1005.54564,1475.03937
2023-07-23,565.03223,421.04829,322.16946,1005.86736,1475.24204
2023-07-24,565.17214,421.00179,322.07494,1006.18915,1475.44478
2023-07-25,565.31208,420.95529,321.98043,1006.51101,1475.64757
2023-07-26,565.45202,420.90879,321.88592,1006.83294,1475.85042
2023-07-27,565.59198,420.8623,321.79143,1007.15493,1476.05334
2023-07-28,565.73195,420.8158,321.69695,1007.477,1476.25632
2023-07-29,565.87194,420.76931,321.60247,1007.79914,1476.45935
2023-07-30,566.01194,420.72282,321.50801,1008.12134,1476.66245
2023-07-31,566.15196,420.67634,321.41355,1008.44362,1476.86561
2023-08-01,566.29199,420.62985,321.31911,1008.76596,1477.06883
2023-08-02,566.43203,420.58337,321.22467,1009.08837,1477.27211
2023-08-03,566.57209,420.5369,321.13024,1009.41085,1477.47545
2023-08-04,566.71217,420.49042,321.03582,1009.7334,1477.67886
2023-08-05,566.85225,420.44395,320.94141,1010.05602,1477.88232
2023-08-06,566.99235,420.39748,320.847,1010.37871,1478.08584
2023-08-07,567.13247,420.35101,320.75261,1010.70147,1478.28943
2023-08-08,567.2726,420.30454,320.65823,1011.02429,1478.49307
2023-08-09,567.41274,420.25808,320.56385,1011.34718,1478.69678
2023-08-10,567.5529,420.21162,320.46949,1011.67014,1478.90054
2023-08-11,567.69307,420.16516,320.37513,1011.99317,1479.10437
2023-08-12,567.83325,420.1187,320.28078,1012.31627,1479.30826
2023-08-13,567.97345,420.07225,320.18644,1012.63943,1479.51221
2023-08-14,568.11367,420.0258,320.09211,1012.96266,1479.71622
2023-08-15,568.2539,419.97935,319.99779,1013.28596,1479.92028
2023-08-16,568.39414,419.93291,319.90348,1013.60933,1480.12441
2023-08-17,568.53439,419.88646,319.80917,1013.93277,1480.3286
2023-08-18,568.67466,419.84002,319.71488,1014.25627,1480.53286
2023-08-19,568.81495,419.79358,319.62059,1014.57984,1480.73717
2023-08-20,568.95525,419.74715,319.52632,1014.90348,1480.94154
2023-08-21,569.09556,419.70071,319.43205,1015.22718,1481.14597
2023-08-22,569.23588,419.65428,319.33779,1015.55095,1481.35046
2023-08-23,569.37623,419.60785,319.24354,1015.87479,1481.55501
2023-08-24,569.51658,419.56143,319.1493,1016.1987,1481.75963
2023-08-25,569.65695,419.515,319.05507,1016.52267,1481.9643
2023-08-26,569.79733,419.46858,318.96085,1016.84671,1482.16903
2023-08-27,569.93773,419.42216,318.86664,1017.17082,1482.37383
2023-08-28,570.07814,419.37575,318.77243,1017.49499,1482.57868
2023-08-29,570.21856,419.32933,318.67824,1017.81923,1482.78359
2023-08-30,570.359,419.28292,318.58405,1018.14354,1482.98857
2023-08-31,570.49945,419.23651,318.48987,1018.46791,1483.1936
2023-09-01,570.63992,419.19011,318.39571,1018.79235,1483.3987
2023-09-02,570.7804,419.1437,318.30155,1019.11686,1483.60385
2023-09-03,570.92089,419.0973,318.2074,1019.44143,1483.80907
2023-09-04,571.0614,419.0509,318.11325,1019.76607,1484.01434
2023-09-05,571.20193,419.00451,318.01912,1020.09077,1484.21968
2023-09-06,571.34246,418.95811,317.925,1020.41555,1484.42507
2023-09-07,571.48301,418.91172,317.83088,1020.74038,1484.63053
2023-09-08,571.62358,418.86533,317.73678,1021.06528,1484.83604
2023-09-09,571.76416,418.81895,317.64268,1021.39025,1485.04162
2023-09-10,571.90475,418.77256,317.54859,1021.71529,1485.24725
2023-09-11,572.04535,418.72618,317.45451,1022.04039,1485.45295
2023-09-12,572.18597,418.6798,317.36044,1022.36555,1485.65871
2023-09-13,572.32661,418.63343,317.26638,1022.69078,1485.86452
2023-09-14,572.46726,418.58705,317.17233,1023.01608,1486.0704
2023-09-15,572.60792,418.54068,317.07829,1023.34144,1486.27633
2023-09-16,572.74859,418.49431,316.98425,1023.66687,1486.48232
2023-09-17,572.88928,418.44795,316.89023,1023.99236,1486.68838
2023-09-18,573.02999,418.40158,316.79621,1024.31792,1486.89449
2023-09-19,573.17071,418.35522,316.70221,1024.64354,1487.10067
2023-09-20,573.31144,418.30886,316.60821,1024.96922,1487.3069
2023-09-21,573.45218,418.26251,316.51422,1025.29498,1487.5132
2023-09-22,573.59294,418.21615,316.42024,1025.62079,1487.71955
2023-09-23,573.73372,418.1698,316.32627,1025.94667,1487.92596
2023-09-24,573.8745,418.12345,316.23231,1026.27262,1488.13243
2023-09-25,574.0153,418.0771,316.13835,1026.59863,1488.33897
2023-09-26,574.15612,418.03076,316.04441,1026.92471,1488.54556
2023-09-27,574.29695,417.98442,315.95047,1027.25084,1488.75221
2023-09-28,574.43779,417.93808,315.85655,1027.57705,1488.95892
2023-09-29,574.57865,417.89174,315.76263,1027.90332,1489.16569
2023-09-30,574.71952,417.84541,315.66872,1028.22965,1489.37252
2023-10-01,574.8604,417.79908,315.57482,1028.55604,1489.57941
2023-10-02,575.0013,417.75275,315.48093,1028.8825,1489.78636
2023-10-03,575.14221,417.70642,315.38705,1029.20903,1489.99337
2023-10-04,575.28314,417.6601,315.29317,1029.53562,1490.20044
2023-10-05,575.42408,417.61377,315.19931,1029.86227,1490.40757
2023-10-06,575.56503,417.56745,315.10545,1030.18898,1490.61476
2023-10-07,575.706,417.52114,315.01161,1030.51576,1490.822
2023-10-08,575.84698,417.47482,314.91777,1030.84261,1491.02931
2023-10-09,575.98797,417.42851,314.82394,1031.16951,1491.23668
2023-10-10,576.12898,417.3822,314.73012,1031.49648,1491.4441
2023-10-11,576.27,417.33589,314.63631,1031.82351,1491.65158
2023-10-12,576.41104,417.28959,314.54251,1032.15061,1491.85913
2023-10-13,576.55209,417.24329,314.44872,1032.47777,1492.06673
2023-10-14,576.69315,417.19699,314.35493,1032.80499,1492.27439
2023-10-15,576.83423,417.15069,314.26116,1033.13228,1492.48212
2023-10-16,576.97532,417.1044,314.16739,1033.45962,1492.6899
2023-10-17,577.11643,417.0581,314.07364,1033.78704,1492.89774
2023-10-18,577.25755,417.01181,313.97989,1034.11451,1493.10564
2023-10-19,577.39868,416.96553,313.88615,1034.44205,1493.31359
2023-10-20,577.53983,416.91924,313.79242,1034.76965,1493.52161
2023-10-21,577.68099,416.87296,313.6987,1035.09731,1493.72969
2023-10-22,577.82216,416.82668,313.60499,1035.42503,1493.93782
2023-10-23,577.96335,416.7804,313.51128,1035.75282,1494.14602
2023-10-24,578.10455,416.73413,313.41759,1036.08067,1494.35427
2023-10-25,578.24577,416.68785,313.3239,1036.40858,1494.56259
2023-10-26,578.387,416.64158,313.23022,1036.73655,1494.77096
2023-10-27,578.52824,416.59532,313.13656,1037.06459,1494.97939
2023-10-28,578.66949,416.54905,313.0429,1037.39269,1495.18788
2023-10-29,578.81076,416.50279,312.94925,1037.72085,1495.39643
2023-10-30,578.95205,416.45653,312.85561,1038.04907,1495.60504
2023-10-31,579.09335,416.41027,312.76197,1038.37735,1495.8137
2023-11-01,579.23466,416.36402,312.66835,1038.7057,1496.02243
2023-11-02,579.37598,416.31776,312.57474,1039.03411,1496.23121
2023-11-03,579.51732,416.27151,312.48113,1039.36257,1496.44006
2023-11-04,579.65867,416.22527,312.38753,1039.6911,1496.64896
2023-11-05,579.80004,416.17902,312.29395,1040.0197,1496.85792
2023-11-06,579.94142,416.13278,312.20037,1040.34835,1497.06694
2023-11-07,580.08281,416.08654,312.1068,1040.67706,1497.27602
2023-11-08,580.22422,416.0403,312.01323,1041.00584,1497.48516
2023-11-09,580.36564,415.99406,311.91968,1041.33468,1497.69436
2023-11-10,580.50707,415.94783,311.82614,1041.66357,1497.90361
2023-11-11,580.64852,415.9016,311.7326,1041.99253,1498.11292
2023-11-12,580.78998,415.85537,311.63908,1042.32155,1498.3223
2023-11-13,580.93146,415.80915,311.54556,1042.65063,1498.53173
2023-11-14,581.07295,415.76292,311.45205,1042.97978,1498.74122
2023-11-15,581.21445,415.7167,311.35855,1043.30898,1498.95077
2023-11-16,581.35597,415.67049,311.26506,1043.63824,1499.16037
2023-11-17,581.4975,415.62427,311.17158,1043.96756,1499.37004
2023-11-18,581.63904,415.57806,311.07811,1044.29695,1499.57976
2023-11-19,581.7806,415.53185,310.98465,1044.62639,1499.78955
2023-11-20,581.92217,415.48564,310.89119,1044.9559,1499.99939
2023-11-21,582.06375,415.43943,310.79775,1045.28546,1500.20929
2023-11-22,582.20535,415.39323,310.70431,1045.61509,1500.41925
2023-11-23,582.34696,415.34703,310.61088,1045.94478,1500.62927
2023-11-24,582.48859,415.30083,310.51746,1046.27452,1500.83934
2023-11-25,582.63022,415.25463,310.42405,1046.60433,1501.04947
2023-11-26,582.77188,415.20844,310.33065,1046.93419,1501.25967
2023-11-27,582.91354,415.16225,310.23726,1047.26412,1501.46992
2023-11-28,583.05522,415.11606,310.14387,1047.5941,1501.68023
2023-11-29,583.19691,415.06987,310.0505,1047.92415,1501.89059
2023-11-30,583.33862,415.02369,309.95713,1048.25425,1502.10102
2023-12-01,583.48034,414.97751,309.86378,1048.58442,1502.3115
2023-12-02,583.62207,414.93133,309.77043,1048.91464,1502.52205
2023-12-03,583.76382,414.88515,309.67709,1049.24493,1502.73265
2023-12-04,583.90558,414.83898,309.58376,1049.57527,1502.94331
2023-12-05,584.04736,414.79281,309.49044,1049.90567,1503.15402
2023-12-06,584.18914,414.74664,309.39712,1050.23613,1503.3648
2023-12-07,584.33094,414.70047,309.30382,1050.56665,1503.57563
2023-12-08,584.47276,414.65431,309.21052,1050.89723,1503.78652
2023-12-09,584.61459,414.60815,309.11724,1051.22787,1503.99747
2023-12-10,584.75643,414.56199,309.02396,1051.55857,1504.20848
2023-12-11,584.89828,414.51583,308.93069,1051.88933,1504.41955
2023-12-12,585.04015,414.46968,308.83743,1052.22014,1504.63067
2023-12-13,585.18204,414.42353,308.74418,1052.55102,1504.84185
2023-12-14,585.32393,414.37738,308.65094,1052.88195,1505.05309
2023-12-15,585.46584,414.33123,308.5577,1053.21294,1505.26439
2023-12-16,585.60776,414.28509,308.46448,1053.54399,1505.47575
2023-12-17,585.7497,414.23895,308.37126,1053.8751,1505.68716
2023-12-18,585.89165,414.19281,308.27806,1054.20627,1505.89864
2023-12-19,586.03361,414.14667,308.18486,1054.53749,1506.11017
2023-12-20,586.17559,414.10054,308.09167,1054.86877,1506.32175
2023-12-21,586.31758,414.0544,307.99849,1055.20012,1506.5334
2023-12-22,586.45958,414.00827,307.90532,1055.53152,1506.7451
2023-12-23,586.6016,413.96215,307.81215,1055.86297,1506.95687
2023-12-24,586.74363,413.91602,307.719,1056.19449,1507.16869
2023-12-25,586.88567,413.8699,307.62585,1056.52606,1507.38056
2023-12-26,587.02773,413.82378,307.53272,1056.85769,1507.5925
2023-12-27,587.1698,413.77766,307.43959,1057.18938,1507.80449
2023-12-28,587.31189,413.73155,307.34647,1057.52113,1508.01654
2023-12-29,587.45398,413.68544,307.25336,1057.85293,1508.22865
2023-12-30,587.59609,413.63933,307.16026,1058.1848,1508.44082
2023-12-31,587.73822,413.59322,307.06717,1058.51672,1508.65304
2024-01-01,587.88036,413.54712,306.97409,1058.84869,1508.86532
2024-01-02,588.02251,413.50101,306.88101,1059.18073,1509.07766
2024-01-03,588.16467,413.45491,306.78794,1059.51282,1509.29006
2024-01-04,588.30685,413.40882,306.69489,1059.84497,1509.50252
2024-01-05,588.44904,413.36272,306.60184,1060.17718,1509.71503
2024-01-06,588.59125,413.31663,306.5088,1060.50944,1509.9276
2024-01-07,588.73346,413.27054,306.41577,1060.84176,1510.14023
2024-01-08,588.8757,413.22445,306.32275,1061.17414,1510.35291
2024-01-09,589.01794,413.17836,306.22973,1061.50657,1510.56565
2024-01-10,589.1602,413.13228,306.13673,1061.83906,1510.77845
2024-01-11,589.30247,413.0862,306.04374,1062.17161,1510.99131
2024-01-12,589.44476,413.04012,305.95075,1062.50421,1511.20423
2024-01-13,589.58705,412.99405,305.85777,1062.83688,1511.4172
2024-01-14,589.72937,412.94798,305.7648,1063.16959,1511.63023
2024-01-15,589.87169,412.90191,305.67184,1063.50237,1511.84332
2024-01-16,590.01403,412.85584,305.57889,1063.8352,1512.05646
2024-01-17,590.15638,412.80977,305.48595,1064.16808,1512.26967
2024-01-18,590.29875,412.76371,305.39301,1064.50103,1512.48293
2024-01-19,590.44112,412.71765,305.30009,1064.83403,1512.69624
2024-01-20,590.58352,412.67159,305.20717,1065.16708,1512.90962
2024-01-21,590.72592,412.62553,305.11427,1065.50019,1513.12305
2024-01-22,590.86834,412.57948,305.02137,1065.83336,1513.33654
2024-01-23,591.01077,412.53343,304.92848,1066.16659,1513.55008
2024-01-24,591.15322,412.48738,304.8356,1066.49987,1513.76369
2024-01-25,591.29567,412.44134,304.74272,1066.8332,1513.97735
2024-01-26,591.43815,412.39529,304.64986,1067.16659,1514.19107
2024-01-27,591.58063,412.34925,304.55701,1067.50004,1514.40484
2024-01-28,591.72313,412.30321,304.46416,1067.83354,1514.61867
2024-01-29,591.86564,412.25718,304.37132,1068.1671,1514.83256
2024-01-30,592.00816,412.21114,304.27849,1068.50071,1515.04651
2024-01-31,592.1507,412.16511,304.18567,1068.83438,1515.26051
2024-02-01,592.29325,412.11908,304.09286,1069.1681,1515.47457
2024-02-02,592.43582,412.07306,304.00006,1069.50188,1515.68869
2024-02-03,592.57839,412.02703,303.90727,1069.83572,1515.90287
2024-02-04,592.72098,411.98101,303.81448,1070.16961,1516.1171
2024-02-05,592.86359,411.93499,303.72171,1070.50355,1516.33139
2024-02-06,593.00621,411.88898,303.62894,1070.83755,1516.54573
2024-02-07,593.14884,411.84296,303.53618,1071.17161,1516.76014
2024-02-08,593.29148,411.79695,303.44343,1071.50572,1516.9746
2024-02-09,593.43414,411.75094,303.35069,1071.83988,1517.18911
2024-02-10,593.57681,411.70494,303.25796,1072.1741,1517.40369
2024-02-11,593.71949,411.65893,303.16524,1072.50838,1517.61832
2024-02-12,593.86219,411.61293,303.07252,1072.8427,1517.833
2024-02-13,594.0049,411.56693,302.97982,1073.17709,1518.04775
2024-02-14,594.14762,411.52093,302.88712,1073.51153,1518.26255
2024-02-15,594.29036,411.47494,302.79443,1073.84602,1518.47741
2024-02-16,594.43311,411.42895,302.70175,1074.18056,1518.69232
2024-02-17,594.57587,411.38296,302.60908,1074.51516,1518.90729
2024-02-18,594.71864,411.33697,302.51642,1074.84982,1519.12232
2024-02-19,594.86143,411.29099,302.42377,1075.18453,1519.33741
2024-02-20,595.00424,411.245,302.33112,1075.51929,1519.55255
2024-02-21,595.14705,411.19902,302.23849,1075.85411,1519.76775
2024-02-22,595.28988,411.15305,302.14586,1076.18898,1519.983
2024-02-23,595.43272,411.10707,302.05324,1076.52391,1520.19831
2024-02-24,595.57558,411.0611,301.96063,1076.85889,1520.41368
2024-02-25,595.71844,411.01513,301.86803,1077.19392,1520.62911
2024-02-26,595.86132,410.96916,301.77544,1077.52901,1520.84459
2024-02-27,596.00422,410.9232,301.68286,1077.86415,1521.06013
2024-02-28,596.14713,410.87723,301.59028,1078.19934,1521.27572
2024-02-29,596.29005,410.83127,301.49772,1078.53459,1521.49137
2024-03-01,596.43298,410.78532,301.40516,1078.86989,1521.70708
2024-03-02,596.57593,410.73936,301.31261,1079.20524,1521.92284
2024-03-03,596.71889,410.69341,301.22007,1079.54065,1522.13866
2024-03-04,596.86186,410.64746,301.12754,1079.87611,1522.35454
2024-03-05,597.00484,410.60151,301.03502,1080.21163,1522.57048
2024-03-06,597.14784,410.55557,300.9425,1080.54719,1522.78647
2024-03-07,597.29086,410.50962,300.85,1080.88281,1523.00251
2024-03-08,597.43388,410.46368,300.7575,1081.21849,1523.21861
2024-03-09,597.57692,410.41774,300.66502,1081.55421,1523.43477
2024-03-10,597.71997,410.37181,300.57254,1081.88999,1523.65099
2024-03-11,597.86304,410.32588,300.48007,1082.22583,1523.86726
2024-03-12,598.00611,410.27994,300.38761,1082.56171,1524.08359
2024-03-13,598.1492,410.23402,300.29516,1082.89765,1524.29997
2024-03-14,598.29231,410.18809,300.20271,1083.23364,1524.51641
2024-03-15,598.43542,410.14217,300.11028,1083.56968,1524.73291
2024-03-16,598.57855,410.09625,300.01785,1083.90578,1524.94947
2024-03-17,598.7217,410.05033,299.92543,1084.24192,1525.16607
2024-03-18,598.86485,410.00441,299.83302,1084.57812,1525.38274
2024-03-19,599.00802,409.9585,299.74062,1084.91438,1525.59946
2024-03-20,599.1512,409.91259,299.64823,1085.25068,1525.81624
2024-03-21,599.2944,409.86668,299.55585,1085.58704,1526.03307
2024-03-22,599.43761,409.82077,299.46348,1085.92345,1526.24996
2024-03-23,599.58083,409.77487,299.37111,1086.25991,1526.46691
2024-03-24,599.72406,409.72897,299.27876,1086.59642,1526.68391
2024-03-25,599.86731,409.68307,299.18641,1086.93299,1526.90097
2024-03-26,600.01057,409.63717,299.09407,1087.26961,1527.11809
2024-03-27,600.15384,409.59128,299.00174,1087.60628,1527.33526
2024-03-28,600.29713,409.54539,298.90942,1087.943,1527.55248
2024-03-29,600.44043,409.4995,298.8171,1088.27977,1527.76977
2024-03-30,600.58374,409.45361,298.7248,1088.61659,1527.9871
2024-03-31,600.72706,409.40773,298.6325,1088.95347,1528.2045
2024-04-01,600.8704,409.36184,298.54022,1089.2904,1528.42195
2024-04-02,601.01375,409.31596,298.44794,1089.62738,1528.63945
2024-04-03,601.15712,409.27009,298.35567,1089.96441,1528.85702
2024-04-04,601.30049,409.22421,298.26341,1090.30149,1529.07463
2024-04-05,601.44388,409.17834,298.17116,1090.63862,1529.29231
2024-04-06,601.58729,409.13247,298.07891,1090.9758,1529.51004
2024-04-07,601.7307,409.0866,297.98668,1091.31304,1529.72782
2024-04-08,601.87413,409.04074,297.89445,1091.65033,1529.94566
2024-04-09,602.01757,408.99488,297.80223,1091.98766,1530.16356
2024-04-10,602.16103,408.94902,297.71003,1092.32505,1530.38151
2024-04-11,602.3045,408.90316,297.61783,1092.66249,1530.59952
2024-04-12,602.44798,408.8573,297.52563,1092.99998,1530.81759
2024-04-13,602.59147,408.81145,297.43345,1093.33752,1531.03571
2024-04-14,602.73498,408.7656,297.34128,1093.67511,1531.25388
2024-04-15,602.8785,408.71975,297.24911,1094.01276,1531.47211
2024-04-16,603.02203,408.67391,297.15696,1094.35045,1531.6904
2024-04-17,603.16557,408.62807,297.06481,1094.68819,1531.90874
2024-04-18,603.30913,408.58223,296.97267,1095.02599,1532.12714
2024-04-19,603.4527,408.53639,296.88054,1095.36383,1532.3456
2024-04-20,603.59629,408.49055,296.78842,1095.70173,1532.5641
2024-04-21,603.73988,408.44472,296.6963,1096.03967,1532.78267
2024-04-22,603.88349,408.39889,296.6042,1096.37767,1533.00129
2024-04-23,604.02711,408.35306,296.5121,1096.71571,1533.21997
2024-04-24,604.17075,408.30723,296.42002,1097.05381,1533.4387
2024-04-25,604.3144,408.26141,296.32794,1097.39196,1533.65748
2024-04-26,604.45806,408.21559,296.23587,1097.73015,1533.87633
2024-04-27,604.60173,408.16977,296.14381,1098.0684,1534.09522
2024-04-28,604.74542,408.12396,296.05175,1098.40669,1534.31418
